{
    "name": "root",
    "metadata": {
        "timer_format_version": "0.1.0",
        "start_time_seconds": "1614028336",
        "python_version": "3.7.9 (tags/v3.7.9:13c94747c7, Aug 17 2020, 18:58:18) [MSC v.1900 64 bit (AMD64)]",
        "command_line_arguments": "C:\\Users\\sujan\\Documents\\Unity Projects\\One Hit Hero\\venv\\Scripts\\mlagents-learn --force",
        "mlagents_version": "0.23.0",
        "mlagents_envs_version": "0.23.0",
        "communication_protocol_version": "1.3.0",
        "pytorch_version": "1.7.0+cu110",
        "numpy_version": "1.18.5",
        "end_time_seconds": "1614028498"
    },
    "total": 161.8708337,
    "count": 1,
    "self": 0.019568799999973407,
    "children": {
        "run_training.setup": {
            "total": 0.006596400000000058,
            "count": 1,
            "self": 0.006596400000000058
        },
        "TrainerController.start_learning": {
            "total": 161.8446685,
            "count": 1,
            "self": 0.32982820000063384,
            "children": {
                "TrainerController._reset_env": {
                    "total": 11.0488777,
                    "count": 1,
                    "self": 11.0488777
                },
                "TrainerController.advance": {
                    "total": 149.91030429999938,
                    "count": 5535,
                    "self": 0.17415219999958254,
                    "children": {
                        "env_step": {
                            "total": 149.7361520999998,
                            "count": 5535,
                            "self": 126.40046070000041,
                            "children": {
                                "SubprocessEnvManager._take_step": {
                                    "total": 23.170402399999432,
                                    "count": 5535,
                                    "self": 0.801281999999155,
                                    "children": {
                                        "TorchPolicy.evaluate": {
                                            "total": 22.369120400000277,
                                            "count": 5521,
                                            "self": 9.126357799998999,
                                            "children": {
                                                "TorchPolicy.sample_actions": {
                                                    "total": 13.242762600001278,
                                                    "count": 5521,
                                                    "self": 13.242762600001278
                                                }
                                            }
                                        }
                                    }
                                },
                                "workers": {
                                    "total": 0.16528899999995517,
                                    "count": 5534,
                                    "self": 0.0,
                                    "children": {
                                        "worker_root": {
                                            "total": 151.88757980000028,
                                            "count": 5534,
                                            "is_parallel": true,
                                            "self": 37.00184980000044,
                                            "children": {
                                                "steps_from_proto": {
                                                    "total": 0.0003281000000008305,
                                                    "count": 1,
                                                    "is_parallel": true,
                                                    "self": 0.00010010000000093555,
                                                    "children": {
                                                        "_process_vector_observation": {
                                                            "total": 0.00022799999999989495,
                                                            "count": 2,
                                                            "is_parallel": true,
                                                            "self": 0.00022799999999989495
                                                        }
                                                    }
                                                },
                                                "UnityEnvironment.step": {
                                                    "total": 114.88540189999983,
                                                    "count": 5534,
                                                    "is_parallel": true,
                                                    "self": 1.071909500000757,
                                                    "children": {
                                                        "UnityEnvironment._generate_step_input": {
                                                            "total": 0.849256700000069,
                                                            "count": 5534,
                                                            "is_parallel": true,
                                                            "self": 0.849256700000069
                                                        },
                                                        "communicator.exchange": {
                                                            "total": 110.53446219999928,
                                                            "count": 5534,
                                                            "is_parallel": true,
                                                            "self": 110.53446219999928
                                                        },
                                                        "steps_from_proto": {
                                                            "total": 2.4297734999997225,
                                                            "count": 5534,
                                                            "is_parallel": true,
                                                            "self": 1.0693705000000158,
                                                            "children": {
                                                                "_process_vector_observation": {
                                                                    "total": 1.3604029999997067,
                                                                    "count": 11068,
                                                                    "is_parallel": true,
                                                                    "self": 1.3604029999997067
                                                                }
                                                            }
                                                        }
                                                    }
                                                }
                                            }
                                        }
                                    }
                                }
                            }
                        }
                    }
                },
                "trainer_threads": {
                    "total": 5.550000000198452e-05,
                    "count": 1,
                    "self": 5.550000000198452e-05,
                    "children": {
                        "thread_root": {
                            "total": 0.0,
                            "count": 0,
                            "is_parallel": true,
                            "self": 0.0,
                            "children": {
                                "trainer_advance": {
                                    "total": 149.62326430000044,